Sampling Method,Run,auc,f1,recall,precision,accuracy
original 40/60,0,0.32638888888888884,0.4736842105263158,0.5,0.45,0.9
original 60/60,0,0.2638888888888889,0.4736842105263158,0.5,0.45,0.9
baseline,0,0.2708333333333333,0.4666666666666667,0.4861111111111111,0.44871794871794873,0.875
original 20/60,0,0.2986111111111111,0.4666666666666667,0.4861111111111111,0.44871794871794873,0.875
uniform,0,0.4097222222222222,0.5670995670995671,0.6388888888888888,0.5666666666666667,0.75
