Classifier Name,Run,auc,f1,recall,precision,accuracy
lr,0,0.4097222222222222,0.5670995670995671,0.6388888888888888,0.5666666666666667,0.9
