SD Generator Path,Run,auc,f1,recall,precision,accuracy
generators/default_gaussain_copula.pkl,0,0.4097222222222222,0.5670995670995671,0.6388888888888888,0.5666666666666667,0.9
generators/default_tvae.pkl,0,0.2847222222222222,0.4736842105263158,0.5,0.45,0.9
